<?xml version="1.0" encoding="UTF-8" ?>
<result>
    <userquery><![CDATA[경상북도 문경시 문경읍 새재로 916-1]]></userquery>
    <total>1</total>
    <items>
        <item>
            <address><![CDATA[경상북도 문경시 문경읍 새재로  916-1]]></address>
            <addrdetail>
                <country><![CDATA[대한민국]]></country>
                <sido><![CDATA[경상북도]]></sido>
                <sigugun><![CDATA[문경시 문경읍]]></sigugun>
                <dongmyun><![CDATA[새재로]]></dongmyun>
                <rest><![CDATA[ 916-1]]></rest>
            </addrdetail>
            <isRoadAddress>true</isRoadAddress>
            <point>
                <x>128.0771759</x>
                <y>36.7603538</y>
            </point>
        </item>
    </items>
</result>
