<?xml version="1.0" encoding="UTF-8" standalone="yes"?><response><header><resultCode>0000</resultCode><resultMsg>OK</resultMsg></header><body><items><item><addr1>광주광역시 광산구 광산로30번길 65</addr1><addr2>(송정동)</addr2><areacode>5</areacode><cat1>A04</cat1><cat2>A0401</cat2><cat3>A04010100</cat3><contentid>1704732</contentid><contenttypeid>38</contenttypeid><createdtime>20120830152216</createdtime><mapx>126.7970240903</mapx><mapy>35.1374516831</mapy><mlevel>6</mlevel><modifiedtime>20170608160027</modifiedtime><readcount>2618</readcount><sigungucode>1</sigungucode><tel>062-944-1026</tel><title>송정5일장</title><zipcode>62435</zipcode></item><item><addr1>광주광역시 광산구 풍영정길 21</addr1><addr2>(신창동)</addr2><areacode>5</areacode><cat1>A02</cat1><cat2>A0201</cat2><cat3>A02010700</cat3><contentid>250446</contentid><contenttypeid>12</contenttypeid><createdtime>20071030000000</createdtime><firstimage>http://tong.visitkorea.or.kr/cms/resource/60/741460_image2_1.jpg</firstimage><firstimage2>http://tong.visitkorea.or.kr/cms/resource/60/741460_image3_1.jpg</firstimage2><mapx>126.8386526941</mapx><mapy>35.1793976453</mapy><mlevel>6</mlevel><modifiedtime>20170525161835</modifiedtime><readcount>22935</readcount><sigungucode>1</sigungucode><tel>062-227-0353</tel><title>풍영정</title><zipcode>62301</zipcode></item><item><addr1>광주광역시 광산구 소촌로46번길 46</addr1><addr2>(소촌동)</addr2><areacode>5</areacode><cat1>A02</cat1><cat2>A0201</cat2><cat3>A02010700</cat3><contentid>250444</contentid><contenttypeid>12</contenttypeid><createdtime>20071030000000</createdtime><firstimage>http://tong.visitkorea.or.kr/cms/resource/43/1587343_image2_1.jpg</firstimage><firstimage2>http://tong.visitkorea.or.kr/cms/resource/43/1587343_image3_1.jpg</firstimage2><mapx>126.7987681039</mapx><mapy>35.1485615684</mapy><mlevel>6</mlevel><modifiedtime>20170525161637</modifiedtime><readcount>21676</readcount><sigungucode>1</sigungucode><title>송호영당</title><zipcode>62387</zipcode></item><item><addr1>광주광역시 광산구 동곡분토길 195</addr1><addr2>(본덕동)</addr2><areacode>5</areacode><cat1>A02</cat1><cat2>A0201</cat2><cat3>A02010700</cat3><contentid>250448</contentid><contenttypeid>12</contenttypeid><createdtime>20071030000000</createdtime><firstimage>http://tong.visitkorea.or.kr/cms/resource/64/741464_image2_1.jpg</firstimage><firstimage2>http://tong.visitkorea.or.kr/cms/resource/64/741464_image3_1.jpg</firstimage2><mapx>126.7870846715</mapx><mapy>35.0824271730</mapy><mlevel>6</mlevel><modifiedtime>20170525155837</modifiedtime><readcount>21993</readcount><sigungucode>1</sigungucode><title>호가정</title><zipcode>62462</zipcode></item><item><addr1>광주광역시 광산구 광곡길 133</addr1><addr2>(광산동)</addr2><areacode>5</areacode><cat1>A02</cat1><cat2>A0201</cat2><cat3>A02010700</cat3><contentid>250450</contentid><contenttypeid>12</contenttypeid><createdtime>20071030000000</createdtime><firstimage>http://tong.visitkorea.or.kr/cms/resource/32/741232_image2_1.jpg</firstimage><firstimage2>http://tong.visitkorea.or.kr/cms/resource/32/741232_image3_1.jpg</firstimage2><mapx>126.7452012233</mapx><mapy>35.2358674659</mapy><mlevel>6</mlevel><modifiedtime>20170525155345</modifiedtime><readcount>20961</readcount><sigungucode>1</sigungucode><title>빙월당</title><zipcode>62200</zipcode></item><item><addr1>광주 광산구 삼거동</addr1><addr2>산50</addr2><areacode>5</areacode><cat1>A02</cat1><cat2>A0201</cat2><cat3>A02010700</cat3><contentid>129199</contentid><contenttypeid>12</contenttypeid><createdtime>20060811000000</createdtime><firstimage>http://tong.visitkorea.or.kr/cms/resource/46/741246_image2_1.jpg</firstimage><firstimage2>http://tong.visitkorea.or.kr/cms/resource/46/741246_image3_1.jpg</firstimage2><mapx>126.6729458100</mapx><mapy>35.1524729051</mapy><mlevel>6</mlevel><modifiedtime>20170525154548</modifiedtime><readcount>21441</readcount><sigungucode>1</sigungucode><title>삼거동 고인돌</title><zipcode>506-454</zipcode></item><item><addr1>광주광역시 광산구 광산로29번길 1</addr1><addr2>(송정동)</addr2><areacode>5</areacode><cat1>A05</cat1><cat2>A0502</cat2><cat3>A05020100</cat3><contentid>134997</contentid><contenttypeid>39</contenttypeid><createdtime>20050329000000</createdtime><firstimage>http://tong.visitkorea.or.kr/cms/resource/46/2008346_image2_1.jpg</firstimage><firstimage2>http://tong.visitkorea.or.kr/cms/resource/46/2008346_image3_1.jpg</firstimage2><mapx>126.7944798261</mapx><mapy>35.1392542145</mapy><mlevel>6</mlevel><modifiedtime>20170522141954</modifiedtime><readcount>25204</readcount><sigungucode>1</sigungucode><tel>062-944-1439</tel><title>송정떡갈비(1호점)</title><zipcode>62430</zipcode></item><item><addr1>광주광역시 광산구 송산동 195</addr1><areacode>5</areacode><cat1>A02</cat1><cat2>A0207</cat2><cat3>A02070200</cat3><contentid>1275835</contentid><contenttypeid>15</contenttypeid><createdtime>20110511174246</createdtime><firstimage>http://tong.visitkorea.or.kr/cms/resource/03/2383003_image2_1.jpg</firstimage><firstimage2>http://tong.visitkorea.or.kr/cms/resource/03/2383003_image2_1.jpg</firstimage2><mapx>126.7360233741</mapx><mapy>35.1599064551</mapy><mlevel>6</mlevel><modifiedtime>20170418151111</modifiedtime><readcount>29228</readcount><sigungucode>1</sigungucode><tel>062-960-8493</tel><title>광산우리밀축제 2017</title></item><item><addr1>광주광역시 광산구 송정로8번길 13</addr1><addr2>(송정동)</addr2><areacode>5</areacode><cat1>A04</cat1><cat2>A0401</cat2><cat3>A04010200</cat3><contentid>2488192</contentid><contenttypeid>38</contenttypeid><createdtime>20170330142315</createdtime><firstimage>http://tong.visitkorea.or.kr/cms/resource/90/2488190_image2_1.jpg</firstimage><firstimage2>http://tong.visitkorea.or.kr/cms/resource/90/2488190_image2_1.jpg</firstimage2><mapx>126.7919634533</mapx><mapy>35.1364211589</mapy><mlevel>6</mlevel><modifiedtime>20170417144947</modifiedtime><readcount>1238</readcount><sigungucode>1</sigungucode><tel>062-941-6605</tel><title>1913송정역시장</title><zipcode>62437</zipcode></item><item><addr1>광주광역시 광산구 광산로30번길 5</addr1><addr2>(송정동)</addr2><areacode>5</areacode><cat1>A05</cat1><cat2>A0502</cat2><cat3>A05020100</cat3><contentid>134496</contentid><contenttypeid>39</contenttypeid><createdtime>20030908000000</createdtime><firstimage>http://tong.visitkorea.or.kr/cms/resource/16/1892716_image2_1.jpg</firstimage><firstimage2>http://tong.visitkorea.or.kr/cms/resource/16/1892716_image3_1.jpg</firstimage2><mapx>126.7953075455</mapx><mapy>35.1386515187</mapy><mlevel>6</mlevel><modifiedtime>20170412155048</modifiedtime><readcount>20329</readcount><sigungucode>1</sigungucode><tel>062-942-4545</tel><title>장안낙지</title><zipcode>62436</zipcode></item><item><addr1>광주광역시 광산구 상무대로 265</addr1><addr2>(소촌동)</addr2><areacode>5</areacode><cat1>A02</cat1><cat2>A0206</cat2><cat3>A02060700</cat3><contentid>130032</contentid><contenttypeid>14</contenttypeid><createdtime>20071106013919</createdtime><firstimage>http://tong.visitkorea.or.kr/cms/resource/82/1888782_image2_1.jpg</firstimage><firstimage2>http://tong.visitkorea.or.kr/cms/resource/82/1888782_image3_1.jpg</firstimage2><mapx>126.7951296891</mapx><mapy>35.1424455318</mapy><mlevel>6</mlevel><modifiedtime>20170307151919</modifiedtime><readcount>21511</readcount><sigungucode>1</sigungucode><title>광산문화원</title><zipcode>62421</zipcode></item><item><addr1>광주광역시 광산구 송산동</addr1><addr2>195</addr2><areacode>5</areacode><cat1>A02</cat1><cat2>A0202</cat2><cat3>A02020100</cat3><contentid>129202</contentid><contenttypeid>12</contenttypeid><createdtime>20060811000000</createdtime><firstimage>http://tong.visitkorea.or.kr/cms/resource/60/741260_image2_1.jpg</firstimage><firstimage2>http://tong.visitkorea.or.kr/cms/resource/60/741260_image3_1.jpg</firstimage2><mapx>126.7361955785</mapx><mapy>35.1600175564</mapy><mlevel>6</mlevel><modifiedtime>20170228163914</modifiedtime><readcount>37604</readcount><sigungucode>1</sigungucode><title>송산유원지</title><zipcode>62404</zipcode></item><item><addr1>광주광역시 광산구 신창로166번길 24</addr1><addr2>(신창동)</addr2><areacode>5</areacode><cat1>A05</cat1><cat2>A0502</cat2><cat3>A05020100</cat3><contentid>1941044</contentid><contenttypeid>39</contenttypeid><createdtime>20140813113722</createdtime><mapx>126.8423102316</mapx><mapy>35.1982483544</mapy><mlevel>6</mlevel><modifiedtime>20170124094810</modifiedtime><readcount>2964</readcount><sigungucode>1</sigungucode><tel>062-951-0204</tel><title>금수저은수저</title><zipcode>62251</zipcode></item><item><addr1>광주광역시 광산구 손재로 407</addr1><addr2>(오선동)</addr2><areacode>5</areacode><cat1>A05</cat1><cat2>A0502</cat2><cat3>A05020100</cat3><contentid>1948657</contentid><contenttypeid>39</contenttypeid><createdtime>20140917160427</createdtime><mapx>126.7946088065</mapx><mapy>35.2019415783</mapy><mlevel>6</mlevel><modifiedtime>20170123161530</modifiedtime><readcount>2480</readcount><sigungucode>1</sigungucode><tel>062-962-0073</tel><title>대양</title><zipcode>62207</zipcode></item><item><addr1>광주광역시 광산구 장신로148번길 11</addr1><addr2>(수완동)</addr2><areacode>5</areacode><cat1>A05</cat1><cat2>A0502</cat2><cat3>A05020100</cat3><contentid>1954337</contentid><contenttypeid>39</contenttypeid><createdtime>20141007110254</createdtime><mapx>126.8264646197</mapx><mapy>35.1899434705</mapy><mlevel>6</mlevel><modifiedtime>20170123155953</modifiedtime><readcount>2488</readcount><sigungucode>1</sigungucode><tel>062-955-9290</tel><title>육영한우&amp;돈</title><zipcode>62306</zipcode></item><item><addr1>광주광역시 광산구 사암로130번길 65</addr1><addr2>(우산동)</addr2><areacode>5</areacode><cat1>A05</cat1><cat2>A0502</cat2><cat3>A05020100</cat3><contentid>1954342</contentid><contenttypeid>39</contenttypeid><createdtime>20141007111505</createdtime><mapx>126.8111279377</mapx><mapy>35.1559498307</mapy><mlevel>6</mlevel><modifiedtime>20170123152659</modifiedtime><readcount>2570</readcount><sigungucode>1</sigungucode><tel>062-941-5705</tel><title>임가네</title><zipcode>62370</zipcode></item><item><addr1>광주광역시 광산구 임방울대로800번길 11-10</addr1><addr2>(월계동)</addr2><areacode>5</areacode><cat1>A05</cat1><cat2>A0502</cat2><cat3>A05020100</cat3><contentid>840090</contentid><contenttypeid>39</contenttypeid><createdtime>20091028105046</createdtime><firstimage>http://tong.visitkorea.or.kr/cms/resource/24/1943724_image2_1.jpg</firstimage><firstimage2>http://tong.visitkorea.or.kr/cms/resource/24/1943724_image3_1.jpg</firstimage2><mapx>126.8468426997</mapx><mapy>35.2168129993</mapy><mlevel>6</mlevel><modifiedtime>20170120144056</modifiedtime><readcount>16691</readcount><sigungucode>1</sigungucode><tel>062-972-9234</tel><title>함평한우촌</title><zipcode>62277</zipcode></item><item><addr1>광주광역시 광산구 첨단중앙로124번길 71</addr1><addr2>(월계동)</addr2><areacode>5</areacode><cat1>A05</cat1><cat2>A0502</cat2><cat3>A05020100</cat3><contentid>840232</contentid><contenttypeid>39</contenttypeid><createdtime>20091028105741</createdtime><firstimage>http://tong.visitkorea.or.kr/cms/resource/11/1943711_image2_1.jpg</firstimage><firstimage2>http://tong.visitkorea.or.kr/cms/resource/11/1943711_image3_1.jpg</firstimage2><mapx>126.8461760959</mapx><mapy>35.2166407856</mapy><mlevel>6</mlevel><modifiedtime>20170120143608</modifiedtime><readcount>17518</readcount><sigungucode>1</sigungucode><tel>062-973-1989</tel><title>정통아구찜</title><zipcode>62277</zipcode></item><item><addr1>광주광역시 광산구 어등대로 658</addr1><addr2>(소촌동)</addr2><areacode>5</areacode><cat1>A02</cat1><cat2>A0204</cat2><cat3>A02040800</cat3><contentid>2458611</contentid><contenttypeid>12</contenttypeid><createdtime>20161215143954</createdtime><mapx>126.7913189159</mapx><mapy>35.1424426902</mapy><mlevel>6</mlevel><modifiedtime>20161226110427</modifiedtime><readcount>1561</readcount><sigungucode>1</sigungucode><title>금호타이어 광주공장</title><zipcode>62392</zipcode></item><item><addr1>광주광역시 광산구 송정공원로 8-23</addr1><addr2>(소촌동)</addr2><areacode>5</areacode><cat1>A02</cat1><cat2>A0202</cat2><cat3>A02020700</cat3><contentid>250454</contentid><contenttypeid>12</contenttypeid><createdtime>20071030000000</createdtime><firstimage>http://tong.visitkorea.or.kr/cms/resource/37/1587237_image2_1.jpg</firstimage><firstimage2>http://tong.visitkorea.or.kr/cms/resource/37/1587237_image3_1.jpg</firstimage2><mapx>126.8027594348</mapx><mapy>35.1478700476</mapy><mlevel>6</mlevel><modifiedtime>20161207175658</modifiedtime><readcount>28852</readcount><sigungucode>1</sigungucode><title>송정공원</title><zipcode>62380</zipcode></item><item><addr1>광주광역시 광산구 소촌로46번길 24</addr1><addr2>(소촌동)</addr2><areacode>5</areacode><cat1>A02</cat1><cat2>A0201</cat2><cat3>A02010500</cat3><contentid>129198</contentid><contenttypeid>12</contenttypeid><createdtime>20060811000000</createdtime><firstimage>http://tong.visitkorea.or.kr/cms/resource/55/1989655_image2_1.jpg</firstimage><firstimage2>http://tong.visitkorea.or.kr/cms/resource/55/1989655_image3_1.jpg</firstimage2><mapx>126.7949378633</mapx><mapy>35.1495280614</mapy><mlevel>6</mlevel><modifiedtime>20161205154632</modifiedtime><readcount>25352</readcount><sigungucode>1</sigungucode><title>용아생가</title><zipcode>62387</zipcode></item><item><addr1>광주광역시 광산구 광산로29번길 16</addr1><addr2>(송정동)</addr2><areacode>5</areacode><cat1>A05</cat1><cat2>A0502</cat2><cat3>A05020100</cat3><contentid>133746</contentid><contenttypeid>39</contenttypeid><createdtime>20021121000000</createdtime><firstimage>http://tong.visitkorea.or.kr/cms/resource/91/1892691_image2_1.jpg</firstimage><firstimage2>http://tong.visitkorea.or.kr/cms/resource/91/1892691_image3_1.jpg</firstimage2><mapx>126.7939909566</mapx><mapy>35.1402290962</mapy><mlevel>6</mlevel><modifiedtime>20161202111730</modifiedtime><readcount>19247</readcount><sigungucode>1</sigungucode><tel>062-944-8686</tel><title>동성떡갈비</title><zipcode>62430</zipcode></item><item><addr1>광주광역시 광산구</addr1><addr2>광산로29번길 일대</addr2><areacode>5</areacode><cat1>A02</cat1><cat2>A0203</cat2><cat3>A02030600</cat3><contentid>2301040</contentid><contenttypeid>12</contenttypeid><createdtime>20151214105601</createdtime><firstimage>http://tong.visitkorea.or.kr/cms/resource/65/2351965_image2_1.JPG</firstimage><firstimage2>http://tong.visitkorea.or.kr/cms/resource/65/2351965_image2_1.JPG</firstimage2><mapx>126.7945492622</mapx><mapy>35.1393403172</mapy><mlevel>6</mlevel><modifiedtime>20161107171329</modifiedtime><readcount>2219</readcount><sigungucode>1</sigungucode><tel>광주시 남구청 문화관광과 062-960-8251~4</tel><title>광주 송정동 떡갈비 골목</title><zipcode>62430</zipcode></item><item><addr1>광주광역시 광산구 무진대로 282</addr1><addr2>(우산동)</addr2><areacode>5</areacode><cat1>A02</cat1><cat2>A0206</cat2><cat3>A02060600</cat3><contentid>1621022</contentid><contenttypeid>12</contenttypeid><createdtime>20120502165401</createdtime><firstimage>http://tong.visitkorea.or.kr/cms/resource/97/1587397_image2_1.jpg</firstimage><firstimage2>http://tong.visitkorea.or.kr/cms/resource/97/1587397_image3_1.jpg</firstimage2><mapx>126.8114583458</mapx><mapy>35.1606715251</mapy><modifiedtime>20161103111313</modifiedtime><readcount>17695</readcount><sigungucode>1</sigungucode><tel>062-943-9400</tel><title>광주무역회관</title><zipcode>62364</zipcode></item><item><addr1>광주광역시 광산구 첨단중앙로182번길 39</addr1><addr2>(쌍암동)</addr2><areacode>5</areacode><cat1>A02</cat1><cat2>A0202</cat2><cat3>A02020700</cat3><contentid>250453</contentid><contenttypeid>12</contenttypeid><createdtime>20071030000000</createdtime><firstimage>http://tong.visitkorea.or.kr/cms/resource/76/1587376_image2_1.jpg</firstimage><firstimage2>http://tong.visitkorea.or.kr/cms/resource/76/1587376_image3_1.jpg</firstimage2><mapx>126.8427290223</mapx><mapy>35.2228872434</mapy><mlevel>6</mlevel><modifiedtime>20161103103408</modifiedtime><readcount>28498</readcount><sigungucode>1</sigungucode><tel>062-942-3011</tel><title>쌍암공원</title><zipcode>62274</zipcode></item><item><addr1>광주광역시 광산구 임방울대로800번길 11-6</addr1><addr2>(월계동)</addr2><areacode>5</areacode><cat1>A05</cat1><cat2>A0502</cat2><cat3>A05020400</cat3><contentid>729446</contentid><contenttypeid>39</contenttypeid><createdtime>20090428160159</createdtime><firstimage>http://tong.visitkorea.or.kr/cms/resource/87/1892787_image2_1.jpg</firstimage><firstimage2>http://tong.visitkorea.or.kr/cms/resource/87/1892787_image3_1.jpg</firstimage2><mapx>126.8468177007</mapx><mapy>35.2168602163</mapy><mlevel>6</mlevel><modifiedtime>20161017132934</modifiedtime><readcount>18309</readcount><sigungucode>1</sigungucode><tel>062-973-3377</tel><title>다미향</title><zipcode>62277</zipcode></item><item><addr1>광주광역시 광산구 임방울대로825번길 43</addr1><addr2>(쌍암동)</addr2><areacode>5</areacode><cat1>B02</cat1><cat2>B0201</cat2><cat3>B02010100</cat3><contentid>143029</contentid><contenttypeid>32</contenttypeid><createdtime>20031223000000</createdtime><mapx>126.8484896920</mapx><mapy>35.2201487615</mapy><mlevel>6</mlevel><modifiedtime>20161007171527</modifiedtime><readcount>36661</readcount><sigungucode>1</sigungucode><tel>062-973-5000</tel><title>마이다스관광호텔</title><zipcode>62275</zipcode></item><item><addr1>광주광역시 광산구 북문대로 500-17</addr1><addr2>(신창동)</addr2><areacode>5</areacode><cat1>A05</cat1><cat2>A0502</cat2><cat3>A05020100</cat3><contentid>840659</contentid><contenttypeid>39</contenttypeid><createdtime>20091028111451</createdtime><firstimage>http://tong.visitkorea.or.kr/cms/resource/39/1943739_image2_1.jpg</firstimage><firstimage2>http://tong.visitkorea.or.kr/cms/resource/39/1943739_image3_1.jpg</firstimage2><mapx>126.8433850710</mapx><mapy>35.2008952963</mapy><mlevel>6</mlevel><modifiedtime>20161004171514</modifiedtime><readcount>18515</readcount><sigungucode>1</sigungucode><tel>062-972-8465</tel><title>달맞이흑두부</title><zipcode>62272</zipcode></item><item><addr1>광주광역시 광산구 목련로394번길 10-17</addr1><addr2>(신가동)</addr2><areacode>5</areacode><cat1>A05</cat1><cat2>A0502</cat2><cat3>A05020100</cat3><contentid>844255</contentid><contenttypeid>39</contenttypeid><createdtime>20091028213733</createdtime><firstimage>http://tong.visitkorea.or.kr/cms/resource/62/1943662_image2_1.jpg</firstimage><firstimage2>http://tong.visitkorea.or.kr/cms/resource/62/1943662_image3_1.jpg</firstimage2><mapx>126.8333641829</mapx><mapy>35.1830054823</mapy><mlevel>6</mlevel><modifiedtime>20160928135119</modifiedtime><readcount>18933</readcount><sigungucode>1</sigungucode><tel>062-954-3362</tel><title>민속촌(신가점)</title><zipcode>62300</zipcode></item><item><addr1>광주광역시 광산구 광곡길 73</addr1><addr2>(광산동)</addr2><areacode>5</areacode><cat1>A02</cat1><cat2>A0201</cat2><cat3>A02010700</cat3><contentid>1620851</contentid><contenttypeid>12</contenttypeid><createdtime>20120502140033</createdtime><firstimage>http://tong.visitkorea.or.kr/cms/resource/50/1587250_image2_1.jpg</firstimage><firstimage2>http://tong.visitkorea.or.kr/cms/resource/50/1587250_image3_1.jpg</firstimage2><mapx>126.7420486971</mapx><mapy>35.2369950633</mapy><mlevel>6</mlevel><modifiedtime>20160902214308</modifiedtime><readcount>14559</readcount><sigungucode>1</sigungucode><tel>062-940-8225</tel><title>칠송정</title><zipcode>62200</zipcode></item><item><addr1>광주광역시 광산구 임곡용동길 166</addr1><addr2>(신룡동)</addr2><areacode>5</areacode><cat1>A02</cat1><cat2>A0201</cat2><cat3>A02010700</cat3><contentid>1620951</contentid><contenttypeid>12</contenttypeid><createdtime>20120502160515</createdtime><firstimage>http://tong.visitkorea.or.kr/cms/resource/65/1587365_image2_1.jpg</firstimage><firstimage2>http://tong.visitkorea.or.kr/cms/resource/65/1587365_image3_1.jpg</firstimage2><mapx>126.7674081089</mapx><mapy>35.2150813011</mapy><mlevel>6</mlevel><modifiedtime>20160902214308</modifiedtime><readcount>14738</readcount><sigungucode>1</sigungucode><tel>062-940-8225</tel><title>오남제</title><zipcode>62206</zipcode></item><item><addr1>광주광역시 광산구 용아로 460</addr1><addr2>(흑석동)</addr2><areacode>5</areacode><cat1>A02</cat1><cat2>A0201</cat2><cat3>A02010700</cat3><contentid>1622544</contentid><contenttypeid>12</contenttypeid><createdtime>20120504121042</createdtime><firstimage>http://tong.visitkorea.or.kr/cms/resource/19/1587419_image2_1.jpg</firstimage><firstimage2>http://tong.visitkorea.or.kr/cms/resource/19/1587419_image3_1.jpg</firstimage2><mapx>126.8052666353</mapx><mapy>35.1843631887</mapy><mlevel>6</mlevel><modifiedtime>20160902214255</modifiedtime><readcount>16094</readcount><sigungucode>1</sigungucode><tel>062-940-8225</tel><title>경장각</title><zipcode>62233</zipcode></item><item><addr1>광주광역시 광산구 명곡길 170-30</addr1><addr2>(명도동)</addr2><areacode>5</areacode><cat1>A02</cat1><cat2>A0201</cat2><cat3>A02010700</cat3><contentid>1622537</contentid><contenttypeid>12</contenttypeid><createdtime>20120504115438</createdtime><firstimage>http://tong.visitkorea.or.kr/cms/resource/84/1587284_image2_1.jpg</firstimage><firstimage2>http://tong.visitkorea.or.kr/cms/resource/84/1587284_image3_1.jpg</firstimage2><mapx>126.7032198592</mapx><mapy>35.1946380905</mapy><mlevel>6</mlevel><modifiedtime>20160902214253</modifiedtime><readcount>15428</readcount><sigungucode>1</sigungucode><tel>062-940-8225</tel><title>영사재</title><zipcode>62404</zipcode></item><item><addr1>광주광역시 광산구 용아로 460</addr1><addr2>(흑석동)</addr2><areacode>5</areacode><cat1>A02</cat1><cat2>A0201</cat2><cat3>A02010700</cat3><contentid>1955614</contentid><contenttypeid>12</contenttypeid><createdtime>20141013153138</createdtime><mapx>126.8052277464</mapx><mapy>35.1845076163</mapy><mlevel>6</mlevel><modifiedtime>20160902214210</modifiedtime><readcount>1929</readcount><sigungucode>1</sigungucode><title>유애서원</title><zipcode>62233</zipcode></item><item><addr1>광주광역시 광산구 본량동서로 259</addr1><addr2>(왕동)</addr2><areacode>5</areacode><cat1>A01</cat1><cat2>A0101</cat2><cat3>A01011700</cat3><contentid>1621014</contentid><contenttypeid>12</contenttypeid><createdtime>20120502164128</createdtime><firstimage>http://tong.visitkorea.or.kr/cms/resource/87/1587387_image2_1.jpg</firstimage><firstimage2>http://tong.visitkorea.or.kr/cms/resource/87/1587387_image3_1.jpg</firstimage2><mapx>126.7142160986</mapx><mapy>35.1950132321</mapy><modifiedtime>20160902213458</modifiedtime><readcount>16058</readcount><sigungucode>1</sigungucode><tel>062-940-8225</tel><title>왕동저수지</title><zipcode>62205</zipcode></item><item><addr1>광주광역시 광산구 첨단중앙로182번길 64-1</addr1><addr2>(쌍암동)</addr2><areacode>5</areacode><cat1>A05</cat1><cat2>A0502</cat2><cat3>A05020100</cat3><contentid>1941071</contentid><contenttypeid>39</contenttypeid><createdtime>20140813135352</createdtime><mapx>126.8485785347</mapx><mapy>35.2216791456</mapy><mlevel>6</mlevel><modifiedtime>20160902195758</modifiedtime><readcount>2269</readcount><sigungucode>1</sigungucode><tel>062-972-3059</tel><title>유목</title><zipcode>62275</zipcode></item><item><addr1>광주광역시 광산구 상무대로 239</addr1><addr2>(송정동)</addr2><areacode>5</areacode><cat1>A05</cat1><cat2>A0502</cat2><cat3>A05020100</cat3><contentid>133745</contentid><contenttypeid>39</contenttypeid><createdtime>20030902000000</createdtime><firstimage>http://tong.visitkorea.or.kr/cms/resource/87/1892687_image2_1.jpg</firstimage><firstimage2>http://tong.visitkorea.or.kr/cms/resource/87/1892687_image3_1.jpg</firstimage2><mapx>126.7932410165</mapx><mapy>35.1404790553</mapy><mlevel>7</mlevel><modifiedtime>20160902193640</modifiedtime><readcount>18934</readcount><sigungucode>1</sigungucode><tel>062-944-2200</tel><title>송학식당</title><zipcode>62429</zipcode></item><item><addr1>광주광역시 광산구 사암로216번길 10-11</addr1><addr2>(우산동)</addr2><areacode>5</areacode><cat1>B02</cat1><cat2>B0201</cat2><cat3>B02010100</cat3><contentid>143167</contentid><contenttypeid>32</contenttypeid><createdtime>20070419000000</createdtime><firstimage>http://tong.visitkorea.or.kr/cms/resource/01/1587401_image2_1.jpg</firstimage><firstimage2>http://tong.visitkorea.or.kr/cms/resource/01/1587401_image3_1.jpg</firstimage2><mapx>126.8095445786</mapx><mapy>35.1625879430</mapy><mlevel>6</mlevel><modifiedtime>20160812133800</modifiedtime><readcount>29673</readcount><sigungucode>1</sigungucode><tel>062-956-5000</tel><title>싼타모관광호텔</title><zipcode>62355</zipcode></item><item><addr1>광주광역시 광산구 송정공원로 8-13</addr1><addr2>(소촌동)</addr2><areacode>5</areacode><cat1>A02</cat1><cat2>A0206</cat2><cat3>A02060900</cat3><contentid>130808</contentid><contenttypeid>14</contenttypeid><createdtime>20060420000000</createdtime><firstimage>http://tong.visitkorea.or.kr/cms/resource/27/1587327_image2_1.jpg</firstimage><firstimage2>http://tong.visitkorea.or.kr/cms/resource/27/1587327_image3_1.jpg</firstimage2><mapx>126.7994903370</mapx><mapy>35.1455619196</mapy><mlevel>6</mlevel><modifiedtime>20160722143558</modifiedtime><readcount>23609</readcount><sigungucode>1</sigungucode><tel>062-940-8900</tel><title>광주 송정도서관</title><zipcode>62380</zipcode></item><item><addr1>광주광역시 광산구 광산로29번길 6</addr1><addr2>(송정동)</addr2><areacode>5</areacode><cat1>A05</cat1><cat2>A0502</cat2><cat3>A05020100</cat3><contentid>133461</contentid><contenttypeid>39</contenttypeid><createdtime>20030820000000</createdtime><firstimage>http://tong.visitkorea.or.kr/cms/resource/81/1892681_image2_1.jpg</firstimage><firstimage2>http://tong.visitkorea.or.kr/cms/resource/81/1892681_image3_1.jpg</firstimage2><mapx>126.7949631174</mapx><mapy>35.1392431128</mapy><mlevel>6</mlevel><modifiedtime>20160719151647</modifiedtime><readcount>19192</readcount><sigungucode>1</sigungucode><tel>062-944-1275</tel><title>화정식당</title><zipcode>62430</zipcode></item><item><addr1>광주광역시 광산구 광산로29번길 12</addr1><addr2>(송정동)</addr2><areacode>5</areacode><cat1>A05</cat1><cat2>A0502</cat2><cat3>A05020100</cat3><contentid>133778</contentid><contenttypeid>39</contenttypeid><createdtime>20031002000000</createdtime><firstimage>http://tong.visitkorea.or.kr/cms/resource/06/1892706_image2_1.jpg</firstimage><firstimage2>http://tong.visitkorea.or.kr/cms/resource/06/1892706_image3_1.jpg</firstimage2><mapx>126.7944881495</mapx><mapy>35.1396513921</mapy><mlevel>6</mlevel><modifiedtime>20160719145455</modifiedtime><readcount>19091</readcount><sigungucode>1</sigungucode><tel>062-944-0366</tel><title>송원떡갈비</title><zipcode>62430</zipcode></item><item><addr1>광주광역시 광산구 광산로29번길 3</addr1><addr2>(송정동)</addr2><areacode>5</areacode><cat1>A05</cat1><cat2>A0502</cat2><cat3>A05020100</cat3><contentid>133777</contentid><contenttypeid>39</contenttypeid><createdtime>20021120000000</createdtime><firstimage>http://tong.visitkorea.or.kr/cms/resource/01/1892701_image2_1.jpg</firstimage><firstimage2>http://tong.visitkorea.or.kr/cms/resource/01/1892701_image3_1.jpg</firstimage2><mapx>126.7946520394</mapx><mapy>35.1390320202</mapy><mlevel>6</mlevel><modifiedtime>20160719144634</modifiedtime><readcount>21294</readcount><sigungucode>1</sigungucode><tel>062-944-0595</tel><title>형제송정떡갈비</title><zipcode>62430</zipcode></item><item><addr1>광주광역시 광산구 임방울대로825번길 22-13</addr1><addr2>(쌍암동)</addr2><areacode>5</areacode><cat1>B02</cat1><cat2>B0201</cat2><cat3>B02010900</cat3><contentid>2017390</contentid><contenttypeid>32</contenttypeid><createdtime>20150716094654</createdtime><firstimage>http://tong.visitkorea.or.kr/cms/resource/55/2017355_image2_1.JPG</firstimage><firstimage2>http://tong.visitkorea.or.kr/cms/resource/55/2017355_image2_1.JPG</firstimage2><mapx>126.8498590279</mapx><mapy>35.2196432865</mapy><modifiedtime>20160620163309</modifiedtime><readcount>3805</readcount><sigungucode>1</sigungucode><tel>062-973-0774</tel><title>바나나호텔[우수숙박시설 굿스테이]</title><zipcode>62278</zipcode></item><item><addr1>광주광역시 광산구 산월로21번길 26</addr1><addr2>(월계동)</addr2><areacode>5</areacode><cat1>A02</cat1><cat2>A0201</cat2><cat3>A02010700</cat3><contentid>129201</contentid><contenttypeid>12</contenttypeid><createdtime>20060811000000</createdtime><firstimage>http://tong.visitkorea.or.kr/cms/resource/08/566608_image2_1.jpg</firstimage><firstimage2>http://tong.visitkorea.or.kr/cms/resource/08/566608_image3_1.jpg</firstimage2><mapx>126.8401045774</mapx><mapy>35.2099969896</mapy><mlevel>6</mlevel><modifiedtime>20160314164440</modifiedtime><readcount>25038</readcount><sigungucode>1</sigungucode><tel>061-433-2407,010-9613-9923</tel><title>무양서원</title><zipcode>62268</zipcode></item><item><addr1>광주광역시 광산구 비아동</addr1><addr2>689-3</addr2><areacode>5</areacode><cat1>A02</cat1><cat2>A0201</cat2><cat3>A02010700</cat3><contentid>250447</contentid><contenttypeid>12</contenttypeid><createdtime>20071030000000</createdtime><firstimage>http://tong.visitkorea.or.kr/cms/resource/08/741408_image2_1.jpg</firstimage><firstimage2>http://tong.visitkorea.or.kr/cms/resource/08/741408_image3_1.jpg</firstimage2><mapx>126.8172341106</mapx><mapy>35.2207564988</mapy><mlevel>6</mlevel><modifiedtime>20160314141159</modifiedtime><readcount>21277</readcount><sigungucode>1</sigungucode><title>취병조형유허비</title><zipcode>62235</zipcode></item><item><addr1>광주광역시 광산구 본량동서로 180-48</addr1><addr2>(왕동)</addr2><areacode>5</areacode><cat1>A02</cat1><cat2>A0201</cat2><cat3>A02010700</cat3><contentid>250449</contentid><contenttypeid>12</contenttypeid><createdtime>20071030000000</createdtime><mapx>126.7243539923</mapx><mapy>35.1989185166</mapy><mlevel>6</mlevel><modifiedtime>20160314135515</modifiedtime><readcount>21973</readcount><sigungucode>1</sigungucode><title>용진정사</title><zipcode>62205</zipcode></item><item><addr1>광주광역시 광산구 등임동 7-1</addr1><addr2>(등임동)</addr2><areacode>5</areacode><cat1>A02</cat1><cat2>A0201</cat2><cat3>A02010800</cat3><contentid>1620907</contentid><contenttypeid>12</contenttypeid><createdtime>20120502145630</createdtime><firstimage>http://tong.visitkorea.or.kr/cms/resource/76/1587276_image2_1.jpg</firstimage><firstimage2>http://tong.visitkorea.or.kr/cms/resource/76/1587276_image3_1.jpg</firstimage2><mapx>126.7706583268</mapx><mapy>35.1948336449</mapy><mlevel>6</mlevel><modifiedtime>20160126160754</modifiedtime><readcount>14592</readcount><sigungucode>1</sigungucode><tel>062-940-8225</tel><title>등림사</title><zipcode>62394</zipcode></item><item><addr1>광주광역시 광산구 도림하길 33</addr1><addr2>(도덕동)</addr2><areacode>5</areacode><cat1>A02</cat1><cat2>A0201</cat2><cat3>A02010800</cat3><contentid>1620893</contentid><contenttypeid>12</contenttypeid><createdtime>20120502144723</createdtime><firstimage>http://tong.visitkorea.or.kr/cms/resource/63/1587263_image2_1.jpg</firstimage><firstimage2>http://tong.visitkorea.or.kr/cms/resource/63/1587263_image3_1.jpg</firstimage2><mapx>126.7005957841</mapx><mapy>35.1667856389</mapy><mlevel>6</mlevel><modifiedtime>20160126150107</modifiedtime><readcount>14618</readcount><sigungucode>1</sigungucode><tel>062-940-8225</tel><title>도림사(광주)</title><zipcode>62406</zipcode></item><item><addr1>광주광역시 광산구 월계로 155</addr1><addr2>(월계동)</addr2><areacode>5</areacode><cat1>A02</cat1><cat2>A0201</cat2><cat3>A02010700</cat3><contentid>129200</contentid><contenttypeid>12</contenttypeid><createdtime>20060811000000</createdtime><firstimage>http://tong.visitkorea.or.kr/cms/resource/63/1989663_image2_1.jpg</firstimage><firstimage2>http://tong.visitkorea.or.kr/cms/resource/63/1989663_image3_1.jpg</firstimage2><mapx>126.8421181890</mapx><mapy>35.2139521320</mapy><mlevel>6</mlevel><modifiedtime>20151113163945</modifiedtime><readcount>26784</readcount><sigungucode>1</sigungucode><title>월계동 장고분</title><zipcode>62260</zipcode></item><item><addr1>광주 광산구 신창동</addr1><addr2>632-4 외 343필지</addr2><areacode>5</areacode><cat1>A02</cat1><cat2>A0201</cat2><cat3>A02010700</cat3><contentid>126839</contentid><contenttypeid>12</contenttypeid><createdtime>20020510000000</createdtime><firstimage>http://tong.visitkorea.or.kr/cms/resource/61/1989661_image2_1.jpg</firstimage><firstimage2>http://tong.visitkorea.or.kr/cms/resource/61/1989661_image3_1.jpg</firstimage2><mapx>126.8490930532</mapx><mapy>35.1947349776</mapy><mlevel>6</mlevel><modifiedtime>20151112145920</modifiedtime><readcount>28641</readcount><sigungucode>1</sigungucode><title>신창동 선사유적지</title><zipcode>506-306</zipcode></item><item><addr1>광주광역시 광산구 광곡길 133</addr1><addr2>(광산동)</addr2><areacode>5</areacode><cat1>A02</cat1><cat2>A0201</cat2><cat3>A02010700</cat3><contentid>1955610</contentid><contenttypeid>12</contenttypeid><createdtime>20141013152706</createdtime><firstimage>http://tong.visitkorea.or.kr/cms/resource/60/1989660_image2_1.jpg</firstimage><firstimage2>http://tong.visitkorea.or.kr/cms/resource/60/1989660_image3_1.jpg</firstimage2><mapx>126.7452151112</mapx><mapy>35.2358480240</mapy><mlevel>6</mlevel><modifiedtime>20151112102206</modifiedtime><readcount>2504</readcount><sigungucode>1</sigungucode><title>월봉서원</title><zipcode>62200</zipcode></item><item><addr1>광주 광산구 박호동</addr1><addr2>산131-1</addr2><areacode>5</areacode><cat1>A02</cat1><cat2>A0201</cat2><cat3>A02010700</cat3><contentid>250445</contentid><contenttypeid>12</contenttypeid><createdtime>20071030000000</createdtime><firstimage>http://tong.visitkorea.or.kr/cms/resource/90/1587290_image2_1.jpg</firstimage><firstimage2>http://tong.visitkorea.or.kr/cms/resource/90/1587290_image3_1.jpg</firstimage2><mapx>126.7415532009</mapx><mapy>35.1695193501</mapy><mlevel>5</mlevel><modifiedtime>20141204120000</modifiedtime><readcount>21578</readcount><sigungucode>1</sigungucode><title>양씨삼강문</title><zipcode>506-080</zipcode></item><item><addr1>광주광역시 광산구 신룡동</addr1><addr2>57-1</addr2><areacode>5</areacode><cat1>A02</cat1><cat2>A0201</cat2><cat3>A02010700</cat3><contentid>1620993</contentid><contenttypeid>12</contenttypeid><createdtime>20120502162005</createdtime><firstimage>http://tong.visitkorea.or.kr/cms/resource/69/1587369_image2_1.jpg</firstimage><firstimage2>http://tong.visitkorea.or.kr/cms/resource/69/1587369_image3_1.jpg</firstimage2><mapx>126.7704907918</mapx><mapy>35.2301907559</mapy><mlevel>6</mlevel><modifiedtime>20141204120000</modifiedtime><readcount>14572</readcount><sigungucode>1</sigungucode><title>신룡동오층석탑</title></item><item><addr1>광주광역시 광산구 광산동</addr1><addr2>277</addr2><areacode>5</areacode><cat1>A02</cat1><cat2>A0201</cat2><cat3>A02010700</cat3><contentid>1620808</contentid><contenttypeid>12</contenttypeid><createdtime>20120502132841</createdtime><firstimage>http://tong.visitkorea.or.kr/cms/resource/48/1587248_image2_1.jpg</firstimage><firstimage2>http://tong.visitkorea.or.kr/cms/resource/48/1587248_image3_1.jpg</firstimage2><mapx>126.7462981525</mapx><mapy>35.2437165966</mapy><mlevel>6</mlevel><modifiedtime>20141204120000</modifiedtime><readcount>14482</readcount><sigungucode>1</sigungucode><tel>062-940-8225</tel><title>두남제</title></item><item><addr1>광주 광산구 동호동</addr1><addr2>산32-2</addr2><areacode>5</areacode><cat1>A02</cat1><cat2>A0201</cat2><cat3>A02010700</cat3><contentid>250451</contentid><contenttypeid>12</contenttypeid><createdtime>20071030000000</createdtime><firstimage>http://tong.visitkorea.or.kr/cms/resource/31/741331_image2_1.jpg</firstimage><firstimage2>http://tong.visitkorea.or.kr/cms/resource/31/741331_image3_1.jpg</firstimage2><mapx>126.6863244838</mapx><mapy>35.1805505109</mapy><mlevel>6</mlevel><modifiedtime>20141111092541</modifiedtime><readcount>22328</readcount><sigungucode>1</sigungucode><title>양송천묘역</title><zipcode>506-409</zipcode></item></items><numOfRows>20000</numOfRows><pageNo>1</pageNo><totalCount>55</totalCount></body></response>