<?xml version="1.0" encoding="UTF-8" standalone="yes"?><response><header><resultCode>0000</resultCode><resultMsg>OK</resultMsg></header><body><items><item><addr1>경상북도 문경시 문경읍 새재로 916-1</addr1><addr2>(문경읍)</addr2><areacode>35</areacode><cat1>A05</cat1><cat2>A0502</cat2><cat3>A05020100</cat3><contentid>1965368</contentid><contenttypeid>39</contenttypeid><createdtime>20141117104234</createdtime><firstimage>http://tong.visitkorea.or.kr/cms/resource/56/1961156_image2_1.jpg</firstimage><firstimage2>http://tong.visitkorea.or.kr/cms/resource/56/1961156_image3_1.jpg</firstimage2><mapx>128.0771724980</mapx><mapy>36.7603562000</mapy><mlevel>6</mlevel><modifiedtime>20160714100743</modifiedtime><readcount>2131</readcount><sigungucode>7</sigungucode><tel>054-571-7889</tel><title>가고파식당</title><zipcode>36919</zipcode></item><item><addr1>경상북도 경주시 교촌안길 5</addr1><addr2>(교동)</addr2><areacode>35</areacode><cat1>A05</cat1><cat2>A0502</cat2><cat3>A05020900</cat3><contentid>1936919</contentid><contenttypeid>39</contenttypeid><createdtime>20140725102924</createdtime><firstimage>http://tong.visitkorea.or.kr/cms/resource/47/1936947_image2_1.JPG</firstimage><firstimage2>http://tong.visitkorea.or.kr/cms/resource/47/1936947_image2_1.JPG</firstimage2><mapx>129.2150843671</mapx><mapy>35.8296277769</mapy><mlevel>6</mlevel><modifiedtime>20170214104459</modifiedtime><readcount>2943</readcount><sigungucode>2</sigungucode><tel>054-771-2524</tel><title>가비</title><zipcode>38170</zipcode></item><item><addr1>경상북도 안동시 도산면 퇴계로 3443</addr1><addr2>(도산면)</addr2><areacode>35</areacode><cat1>A03</cat1><cat2>A0303</cat2><cat3>A03030800</cat3><contentid>131976</contentid><contenttypeid>28</contenttypeid><createdtime>20070620000000</createdtime><firstimage>http://tong.visitkorea.or.kr/cms/resource/19/1981519_image2_1.jpg</firstimage><firstimage2>http://tong.visitkorea.or.kr/cms/resource/19/1981519_image3_1.jpg</firstimage2><mapx>128.8896747256</mapx><mapy>36.7710063266</mapy><mlevel>6</mlevel><modifiedtime>20160421104722</modifiedtime><readcount>18747</readcount><sigungucode>11</sigungucode><tel>054-852-2719, 010-9121-2719</tel><title>가송래프팅</title><zipcode>36603</zipcode></item><item><addr1>경상북도 성주군 수륜면 가야산식물원길 49</addr1><areacode>35</areacode><cat1>A01</cat1><cat2>A0101</cat2><cat3>A01010700</cat3><contentid>129212</contentid><contenttypeid>12</contenttypeid><createdtime>20060828000000</createdtime><firstimage>http://tong.visitkorea.or.kr/cms/resource/70/1399670_image2_1.jpg</firstimage><firstimage2>http://tong.visitkorea.or.kr/cms/resource/70/1399670_image3_1.jpg</firstimage2><mapx>128.1418573045</mapx><mapy>35.8031276100</mapy><mlevel>6</mlevel><modifiedtime>20160902214650</modifiedtime><readcount>39975</readcount><sigungucode>10</sigungucode><tel>054-931-1264</tel><title>가야산 야생화식물원</title><zipcode>40063</zipcode></item><item><addr1>경북 성주군 수륜면 백운리</addr1><addr2>일원</addr2><areacode>35</areacode><cat1>A01</cat1><cat2>A0101</cat2><cat3>A01010100</cat3><contentid>126023</contentid><contenttypeid>12</contenttypeid><createdtime>20040225000000</createdtime><firstimage>http://tong.visitkorea.or.kr/cms/resource/95/1399695_image2_1.jpg</firstimage><firstimage2>http://tong.visitkorea.or.kr/cms/resource/95/1399695_image3_1.jpg</firstimage2><mapx>128.1418101673</mapx><mapy>35.8001779432</mapy><mlevel>6</mlevel><modifiedtime>20151022170213</modifiedtime><readcount>40516</readcount><sigungucode>10</sigungucode><title>가야산국립공원(백운동 지구)</title><zipcode>719-892</zipcode></item><item><addr1>경상북도 성주군 가천면 신계1길 4-12</addr1><addr2>(가천면)</addr2><areacode>35</areacode><cat1>A02</cat1><cat2>A0203</cat2><cat3>A02030100</cat3><contentid>128481</contentid><contenttypeid>12</contenttypeid><createdtime>20050510000000</createdtime><mapx>128.1365115889</mapx><mapy>35.8670591546</mapy><mlevel>6</mlevel><modifiedtime>20160107171240</modifiedtime><readcount>5338</readcount><sigungucode>10</sigungucode><tel>010-6777-6593</tel><title>가야산칠불봉 야생화마을</title><zipcode>40062</zipcode></item><item><areacode>35</areacode><cat1>C01</cat1><cat2>C0115</cat2><cat3>C01150001</cat3><contentid>1949308</contentid><contenttypeid>25</contenttypeid><createdtime>20140919173325</createdtime><firstimage>http://tong.visitkorea.or.kr/cms/resource/96/1002896_image2_1.jpg</firstimage><firstimage2>http://tong.visitkorea.or.kr/cms/resource/96/1002896_image3_1.jpg</firstimage2><mapx>128.2572187514</mapx><mapy>35.7230665416</mapy><mlevel>4</mlevel><modifiedtime>20170529092312</modifiedtime><readcount>2232</readcount><sigungucode>3</sigungucode><title>가야의 고대문화가 잠든 고령 땅을 밟다</title></item><item><areacode>35</areacode><cat1>C01</cat1><cat2>C0112</cat2><cat3>C01120001</cat3><contentid>1949311</contentid><contenttypeid>25</contenttypeid><createdtime>20140919174108</createdtime><firstimage>http://tong.visitkorea.or.kr/cms/resource/31/893131_image2_1.jpg</firstimage><firstimage2>http://tong.visitkorea.or.kr/cms/resource/31/893131_image3_1.jpg</firstimage2><mapx>128.2274589909</mapx><mapy>35.6677222637</mapy><mlevel>4</mlevel><modifiedtime>20160927181243</modifiedtime><readcount>1597</readcount><sigungucode>3</sigungucode><title>가야의 잠들어 있는 문명을 만나다</title></item><item><addr1>경상북도 성주군 수륜면 가야산식물원길 52</addr1><addr2>(수륜면)</addr2><areacode>35</areacode><cat1>B02</cat1><cat2>B0201</cat2><cat3>B02010100</cat3><contentid>136485</contentid><contenttypeid>32</contenttypeid><createdtime>20030612000000</createdtime><firstimage>http://tong.visitkorea.or.kr/cms/resource/78/1399678_image2_1.jpg</firstimage><firstimage2>http://tong.visitkorea.or.kr/cms/resource/78/1399678_image3_1.jpg</firstimage2><mapx>128.1426739192</mapx><mapy>35.8024138163</mapy><mlevel>6</mlevel><modifiedtime>20160816145710</modifiedtime><readcount>36978</readcount><sigungucode>10</sigungucode><tel>054-931-3500</tel><title>가야호텔</title><zipcode>40063</zipcode></item><item><addr1>경상북도 예천군 개포면 가오실길 10</addr1><addr2>(개포면)</addr2><areacode>35</areacode><cat1>A02</cat1><cat2>A0202</cat2><cat3>A02020700</cat3><contentid>128132</contentid><contenttypeid>12</contenttypeid><createdtime>20040510000000</createdtime><firstimage>http://tong.visitkorea.or.kr/cms/resource/89/1615189_image2_1.jpg</firstimage><firstimage2>http://tong.visitkorea.or.kr/cms/resource/89/1615189_image3_1.jpg</firstimage2><mapx>128.3517966619</mapx><mapy>36.6118949510</mapy><mlevel>6</mlevel><modifiedtime>20160912113836</modifiedtime><readcount>23805</readcount><sigungucode>16</sigungucode><tel>054-654-3801</tel><title>가오실공원</title><zipcode>36844</zipcode></item></items><numOfRows>10</numOfRows><pageNo>1</pageNo><totalCount>2245</totalCount></body></response>